{
  "id": "",
  "name": "",
  "font_family": "iconfont",
  "css_prefix_text": "icon-",
  "description": "",
  "glyphs": [
    {
      "icon_id": "5030",
      "name": "购物车满",
      "font_class": "gouwucheman",
      "unicode": "344b",
      "unicode_decimal": 13387
    },
    {
      "icon_id": "10426",
      "name": "0",
      "font_class": "0",
      "unicode": "f0033",
      "unicode_decimal": 983091
    },
    {
      "icon_id": "145488",
      "name": "二维码",
      "font_class": "erweima",
      "unicode": "e65f",
      "unicode_decimal": 58975
    },
    {
      "icon_id": "781638",
      "name": "右箭头",
      "font_class": "sanjiaoright",
      "unicode": "e6b7",
      "unicode_decimal": 59063
    },
    {
      "icon_id": "974852",
      "name": "拍照",
      "font_class": "paizhao",
      "unicode": "e6ba",
      "unicode_decimal": 59066
    },
    {
      "icon_id": "1029233",
      "name": "叉叉",
      "font_class": "cancel-1-copy",
      "unicode": "e61a",
      "unicode_decimal": 58906
    },
    {
      "icon_id": "1638283",
      "name": "右箭头",
      "font_class": "youjiantou",
      "unicode": "e612",
      "unicode_decimal": 58898
    },
    {
      "icon_id": "1727441",
      "name": "213收藏",
      "font_class": "shoucang",
      "unicode": "e8c2",
      "unicode_decimal": 59586
    },
    {
      "icon_id": "2210060",
      "name": "导航",
      "font_class": "daohang",
      "unicode": "e62b",
      "unicode_decimal": 58923
    },
    {
      "icon_id": "5184460",
      "name": "箭头-下",
      "font_class": "jiantou-xia",
      "unicode": "e62d",
      "unicode_decimal": 58925
    },
    {
      "icon_id": "5649671",
      "name": "放大镜",
      "font_class": "fangdajing",
      "unicode": "e653",
      "unicode_decimal": 58963
    },
    {
      "icon_id": "12184892",
      "name": "笑脸",
      "font_class": "xiaolian",
      "unicode": "e688",
      "unicode_decimal": 59016
    },
    {
      "icon_id": "15549419",
      "name": "会员",
      "font_class": "huiyuan",
      "unicode": "e601",
      "unicode_decimal": 58881
    },
    {
      "icon_id": "28527683",
      "name": "金币",
      "font_class": "jinbi",
      "unicode": "ecdb",
      "unicode_decimal": 60635
    }
  ]
}
