{
  "id": "",
  "name": "",
  "font_family": "iconfont",
  "css_prefix_text": "icon-",
  "description": "",
  "glyphs": [
    {
      "icon_id": "5030",
      "name": "购物车满",
      "font_class": "gouwucheman",
      "unicode": "344b",
      "unicode_decimal": 13387
    },
    {
      "icon_id": "10426",
      "name": "0",
      "font_class": "0",
      "unicode": "f0033",
      "unicode_decimal": 983091
    },
    {
      "icon_id": "1727441",
      "name": "213收藏",
      "font_class": "shoucang",
      "unicode": "e8c2",
      "unicode_decimal": 59586
    },
    {
      "icon_id": "2210060",
      "name": "导航",
      "font_class": "daohang",
      "unicode": "e62b",
      "unicode_decimal": 58923
    },
    {
      "icon_id": "5184460",
      "name": "箭头-下",
      "font_class": "jiantou-xia",
      "unicode": "e62d",
      "unicode_decimal": 58925
    }
  ]
}
